1,https://www.udacity.com/course/viewer#!/c-ud037/l-1209999811/m-2341778579,1209999811,2341778579
2,https://www.udacity.com/course/viewer#!/c-ud037/l-1209999811/m-2341778580,1209999811,2341778580
3,https://www.udacity.com/course/viewer#!/c-ud037/l-1209999811/m-2341778581,1209999811,2341778581
4,https://www.udacity.com/course/viewer#!/c-ud037/l-1209999811/m-2341778582,1209999811,2341778582
5,https://www.udacity.com/course/viewer#!/c-ud037/l-1209999811/m-2341778583,1209999811,2341778583
6,https://www.udacity.com/course/viewer#!/c-ud037/l-1209999811/e-2341778584/m-2341778585,1209999811,2341778585
7,https://www.udacity.com/course/viewer#!/c-ud037/l-1209999811/e-2341778584/m-2341778587,1209999811,2341778587
8,https://www.udacity.com/course/viewer#!/c-ud037/l-1209999811/e-2341778588/m-2341778589,1209999811,2341778589
9,https://www.udacity.com/course/viewer#!/c-ud037/l-1209999811/e-2341778588/m-2341778591,1209999811,2341778591
10,https://www.udacity.com/course/viewer#!/c-ud037/l-1209999811/m-1261638587,1209999811,1261638587
11,https://www.udacity.com/course/viewer#!/c-ud037/l-1209999811/m-1261638588,1209999811,1261638588
12,https://www.udacity.com/course/viewer#!/c-ud037/l-1209999811/e-2341778592/m-2341778593,1209999811,2341778593
13,https://www.udacity.com/course/viewer#!/c-ud037/l-1209999811/e-2341778592/m-2341778595,1209999811,2341778595
14,https://www.udacity.com/course/viewer#!/c-ud037/l-1209999811/e-1261638593/m-1261638594,1209999811,1261638594
15,https://www.udacity.com/course/viewer#!/c-ud037/l-1209999811/e-1261638593/m-1261638596,1209999811,1261638596
16,https://www.udacity.com/course/viewer#!/c-ud037/l-1209999811/m-2341778596,1209999811,2341778596
17,https://www.udacity.com/course/viewer#!/c-ud037/l-1209999811/m-1489218553,1209999811,1489218553
18,https://www.udacity.com/course/viewer#!/c-ud037/l-1209999811/m-1489218554,1209999811,1489218554
19,https://www.udacity.com/course/viewer#!/c-ud037/l-1209999811/m-2341778597,1209999811,2341778597
20,https://www.udacity.com/course/viewer#!/c-ud037/l-1209999811/m-2341778598,1209999811,2341778598
21,https://www.udacity.com/course/viewer#!/c-ud037/l-1209999811/e-1261638604/m-1261638605,1209999811,1261638605
22,https://www.udacity.com/course/viewer#!/c-ud037/l-1209999811/e-1261638604/m-2458008726,1209999811,2458008726
23,https://www.udacity.com/course/viewer#!/c-ud037/l-1453218650/m-2338428572,1453218650,2338428572
24,https://www.udacity.com/course/viewer#!/c-ud037/l-1453218650/m-2338428573,1453218650,2338428573
25,https://www.udacity.com/course/viewer#!/c-ud037/l-1453218650/m-2338428574,1453218650,2338428574
26,https://www.udacity.com/course/viewer#!/c-ud037/l-1453218650/m-2338428576,1453218650,2338428576
27,https://www.udacity.com/course/viewer#!/c-ud037/l-1453218650/m-2338428575,1453218650,2338428575
28,https://www.udacity.com/course/viewer#!/c-ud037/l-1453218650/m-2338428577,1453218650,2338428577
29,https://www.udacity.com/course/viewer#!/c-ud037/l-1453218650/m-2338428579,1453218650,2338428579
30,https://www.udacity.com/course/viewer#!/c-ud037/l-1453218650/e-1489218555/m-1489218556,1453218650,1489218556
31,https://www.udacity.com/course/viewer#!/c-ud037/l-1453218650/e-1489218555/m-1489218558,1453218650,1489218558
32,https://www.udacity.com/course/viewer#!/c-ud037/l-1453218650/e-1489218559/m-1489218560,1453218650,1489218560
33,https://www.udacity.com/course/viewer#!/c-ud037/l-1453218650/e-1489218559/m-1489218562,1453218650,1489218562
34,https://www.udacity.com/course/viewer#!/c-ud037/l-1453218650/e-1489218563/m-1489218564,1453218650,1489218564
35,https://www.udacity.com/course/viewer#!/c-ud037/l-1453218650/e-1489218563/m-1489218566,1453218650,1489218566
36,https://www.udacity.com/course/viewer#!/c-ud037/l-1453218650/e-1489218567/m-1489218568,1453218650,1489218568
37,https://www.udacity.com/course/viewer#!/c-ud037/l-1453218650/e-1489218567/m-1489218570,1453218650,1489218570
38,https://www.udacity.com/course/viewer#!/c-ud037/l-1453218650/e-1489218571/m-1489218572,1453218650,1489218572
39,https://www.udacity.com/course/viewer#!/c-ud037/l-1453218650/e-1489218571/m-1489218574,1453218650,1489218574
40,https://www.udacity.com/course/viewer#!/c-ud037/l-1453218650/e-1489218575/m-1489218576,1453218650,1489218576
41,https://www.udacity.com/course/viewer#!/c-ud037/l-1453218650/e-1489218575/m-1489218578,1453218650,1489218578
42,https://www.udacity.com/course/viewer#!/c-ud037/l-1453218650/e-1489218579/m-1489218580,1453218650,1489218580
43,https://www.udacity.com/course/viewer#!/c-ud037/l-1453218650/e-1489218579/m-1489218582,1453218650,1489218582
44,https://www.udacity.com/course/viewer#!/c-ud037/l-1453218650/e-1489218583/m-1489218584,1453218650,1489218584
45,https://www.udacity.com/course/viewer#!/c-ud037/l-1453218650/e-1489218583/m-1489218586,1453218650,1489218586
46,https://www.udacity.com/course/viewer#!/c-ud037/l-1453218650/e-1489218587/m-1489218588,1453218650,1489218588
47,https://www.udacity.com/course/viewer#!/c-ud037/l-1453218650/e-1489218587/m-1489218590,1453218650,1489218590
48,https://www.udacity.com/course/viewer#!/c-ud037/l-1453218650/e-2338428580/m-2338428581,1453218650,2338428581
49,https://www.udacity.com/course/viewer#!/c-ud037/l-1453218650/e-2338428580/m-2338428583,1453218650,2338428583
50,https://www.udacity.com/course/viewer#!/c-ud037/l-1453218650/m-2338428584,1453218650,2338428584
51,https://www.udacity.com/course/viewer#!/c-ud037/l-1453218650/m-2338428585,1453218650,2338428585
52,https://www.udacity.com/course/viewer#!/c-ud037/l-1453218650/m-2338428586,1453218650,2338428586
53,https://www.udacity.com/course/viewer#!/c-ud037/l-1453218650/m-2338428587,1453218650,2338428587
54,https://www.udacity.com/course/viewer#!/c-ud037/l-1453218650/e-2399618537/m-2399618538,1453218650,2399618538
55,https://www.udacity.com/course/viewer#!/c-ud037/l-1453218650/e-2399618537/m-2399618540,1453218650,2399618540
56,https://www.udacity.com/course/viewer#!/c-ud037/l-1471018574/m-1806458535,1471018574,1806458535
57,https://www.udacity.com/course/viewer#!/c-ud037/l-1471018574/m-1492798549,1471018574,1492798549
58,https://www.udacity.com/course/viewer#!/c-ud037/l-1471018574/m-1492798550,1471018574,1492798550
59,https://www.udacity.com/course/viewer#!/c-ud037/l-1471018574/e-1492798551/m-1492798552,1471018574,1492798552
60,https://www.udacity.com/course/viewer#!/c-ud037/l-1471018574/e-1492798551/m-1492798554,1471018574,1492798554
61,https://www.udacity.com/course/viewer#!/c-ud037/l-1471018574/e-1492798555/m-1492798556,1471018574,1492798556
62,https://www.udacity.com/course/viewer#!/c-ud037/l-1471018574/e-1492798555/m-1492798558,1471018574,1492798558
63,https://www.udacity.com/course/viewer#!/c-ud037/l-1471018574/m-1492798559,1471018574,1492798559
64,https://www.udacity.com/course/viewer#!/c-ud037/l-1471018574/m-1806458536,1471018574,1806458536
65,https://www.udacity.com/course/viewer#!/c-ud037/l-1471018574/e-1806458537/m-1806458538,1471018574,1806458538
66,https://www.udacity.com/course/viewer#!/c-ud037/l-1471018574/e-1806458537/m-1806458540,1471018574,1806458540
67,https://www.udacity.com/course/viewer#!/c-ud037/l-1471018574/m-1806458541,1471018574,1806458541
68,https://www.udacity.com/course/viewer#!/c-ud037/l-1471018574/m-1492798560,1471018574,1492798560
69,https://www.udacity.com/course/viewer#!/c-ud037/l-1471018574/m-1492798561,1471018574,1492798561
70,https://www.udacity.com/course/viewer#!/c-ud037/l-1471018574/e-1492798562/m-1492798563,1471018574,1492798563
71,https://www.udacity.com/course/viewer#!/c-ud037/l-1471018574/e-1492798562/m-1492798565,1471018574,1492798565
72,https://www.udacity.com/course/viewer#!/c-ud037/l-1471018574/e-1492798566/m-1492798567,1471018574,1492798567
73,https://www.udacity.com/course/viewer#!/c-ud037/l-1471018574/e-1492798566/m-1492798569,1471018574,1492798569
74,https://www.udacity.com/course/viewer#!/c-ud037/l-1471018574/e-1492798570/m-1492798571,1471018574,1492798571
75,https://www.udacity.com/course/viewer#!/c-ud037/l-1471018574/e-1492798570/m-1492798573,1471018574,1492798573
76,https://www.udacity.com/course/viewer#!/c-ud037/l-1471018574/m-1492798574,1471018574,1492798574
77,https://www.udacity.com/course/viewer#!/c-ud037/l-1471018574/e-1492798575/m-1492798576,1471018574,1492798576
78,https://www.udacity.com/course/viewer#!/c-ud037/l-1471018574/e-1492798575/m-1492798578,1471018574,1492798578
79,https://www.udacity.com/course/viewer#!/c-ud037/l-1471018574/e-1492798579/m-1492798580,1471018574,1492798580
80,https://www.udacity.com/course/viewer#!/c-ud037/l-1471018574/e-1492798579/m-1492798582,1471018574,1492798582
81,https://www.udacity.com/course/viewer#!/c-ud037/l-1471018574/m-1492798583,1471018574,1492798583
82,https://www.udacity.com/course/viewer#!/c-ud037/l-1471018574/e-1492798584/m-1492798585,1471018574,1492798585
83,https://www.udacity.com/course/viewer#!/c-ud037/l-1471018574/e-1492798584/m-1492798587,1471018574,1492798587
84,https://www.udacity.com/course/viewer#!/c-ud037/l-1471018574/m-2477298704,1471018574,2477298704
85,https://www.udacity.com/course/viewer#!/c-ud037/l-1471018574/m-1806458542,1471018574,1806458542
86,https://www.udacity.com/course/viewer#!/c-ud037/l-1471018574/m-1806458543,1471018574,1806458543
87,https://www.udacity.com/course/viewer#!/c-ud037/l-1471018574/m-1806458544,1471018574,1806458544
88,https://www.udacity.com/course/viewer#!/c-ud037/l-1471018574/e-2318528572/m-2318528573,1471018574,2318528573
89,https://www.udacity.com/course/viewer#!/c-ud037/l-1471018574/e-2318528572/m-2318528575,1471018574,2318528575
90,https://www.udacity.com/course/viewer#!/c-ud037/l-1565569443/m-1882308541,1565569443,1882308541
91,https://www.udacity.com/course/viewer#!/c-ud037/l-1565569443/m-1580718623,1565569443,1580718623
92,https://www.udacity.com/course/viewer#!/c-ud037/l-1565569443/e-1580718624/m-1580718625,1565569443,1580718625
93,https://www.udacity.com/course/viewer#!/c-ud037/l-1565569443/e-1580718624/m-1580718627,1565569443,1580718627
94,https://www.udacity.com/course/viewer#!/c-ud037/l-1565569443/e-1580718628/m-1580718629,1565569443,1580718629
95,https://www.udacity.com/course/viewer#!/c-ud037/l-1565569443/e-1580718628/m-1580718631,1565569443,1580718631
96,https://www.udacity.com/course/viewer#!/c-ud037/l-1565569443/m-1580718632,1565569443,1580718632
97,https://www.udacity.com/course/viewer#!/c-ud037/l-1565569443/m-1580718633,1565569443,1580718633
98,https://www.udacity.com/course/viewer#!/c-ud037/l-1565569443/m-1580718634,1565569443,1580718634
99,https://www.udacity.com/course/viewer#!/c-ud037/l-1565569443/e-1580718635/m-1580718636,1565569443,1580718636
100,https://www.udacity.com/course/viewer#!/c-ud037/l-1565569443/e-1580718635/m-1580718638,1565569443,1580718638
101,https://www.udacity.com/course/viewer#!/c-ud037/l-1565569443/m-1580718639,1565569443,1580718639
102,https://www.udacity.com/course/viewer#!/c-ud037/l-1565569443/m-1580718640,1565569443,1580718640
103,https://www.udacity.com/course/viewer#!/c-ud037/l-1565569443/m-1580718641,1565569443,1580718641
104,https://www.udacity.com/course/viewer#!/c-ud037/l-1565569443/m-1882308542,1565569443,1882308542
105,https://www.udacity.com/course/viewer#!/c-ud037/l-1565569443/m-1882308543,1565569443,1882308543
106,https://www.udacity.com/course/viewer#!/c-ud037/l-1565569443/m-1882308544,1565569443,1882308544
107,https://www.udacity.com/course/viewer#!/c-ud037/l-1565569443/e-1580718642/m-1580718643,1565569443,1580718643
108,https://www.udacity.com/course/viewer#!/c-ud037/l-1565569443/e-1580718642/m-1882068603,1565569443,1882068603
109,https://www.udacity.com/course/viewer#!/c-ud037/l-1572839229/m-1831888771,1572839229,1831888771
110,https://www.udacity.com/course/viewer#!/c-ud037/l-1572839229/e-1585448604/m-1585448605,1572839229,1585448605
111,https://www.udacity.com/course/viewer#!/c-ud037/l-1572839229/e-1585448604/m-1585448607,1572839229,1585448607
112,https://www.udacity.com/course/viewer#!/c-ud037/l-1572839229/m-1585448608,1572839229,1585448608
113,https://www.udacity.com/course/viewer#!/c-ud037/l-1572839229/m-1585448609,1572839229,1585448609
114,https://www.udacity.com/course/viewer#!/c-ud037/l-1572839229/m-1831888772,1572839229,1831888772
115,https://www.udacity.com/course/viewer#!/c-ud037/l-1572839229/e-1585448610/m-1585448611,1572839229,1585448611
116,https://www.udacity.com/course/viewer#!/c-ud037/l-1572839229/e-1585448610/m-1585448613,1572839229,1585448613
117,https://www.udacity.com/course/viewer#!/c-ud037/l-1572839229/e-1585448614/m-1585448615,1572839229,1585448615
118,https://www.udacity.com/course/viewer#!/c-ud037/l-1572839229/e-1585448614/m-1585448617,1572839229,1585448617
119,https://www.udacity.com/course/viewer#!/c-ud037/l-1572839229/e-1585448618/m-1585448619,1572839229,1585448619
120,https://www.udacity.com/course/viewer#!/c-ud037/l-1572839229/e-1585448618/m-1585448621,1572839229,1585448621
121,https://www.udacity.com/course/viewer#!/c-ud037/l-1572839229/e-1585448622/m-1585448623,1572839229,1585448623
122,https://www.udacity.com/course/viewer#!/c-ud037/l-1572839229/e-1585448622/m-1585448625,1572839229,1585448625
123,https://www.udacity.com/course/viewer#!/c-ud037/l-1572839229/e-1585448626/m-1585448627,1572839229,1585448627
124,https://www.udacity.com/course/viewer#!/c-ud037/l-1572839229/e-1585448626/m-1585448629,1572839229,1585448629
125,https://www.udacity.com/course/viewer#!/c-ud037/l-1572839229/m-1831888773,1572839229,1831888773
126,https://www.udacity.com/course/viewer#!/c-ud037/l-1572839229/m-1831888774,1572839229,1831888774
127,https://www.udacity.com/course/viewer#!/c-ud037/l-1572839229/m-1585448630,1572839229,1585448630
128,https://www.udacity.com/course/viewer#!/c-ud037/l-1572839229/e-2471508602/m-2471508603,1572839229,2471508603
129,https://www.udacity.com/course/viewer#!/c-ud037/l-1572839229/e-2471508602/m-2471508605,1572839229,2471508605
130,https://www.udacity.com/course/viewer#!/c-ud037/l-1572839229/e-1585448631/m-1585448632,1572839229,1585448632
131,https://www.udacity.com/course/viewer#!/c-ud037/l-1572839229/e-1585448631/m-1585448634,1572839229,1585448634
132,https://www.udacity.com/course/viewer#!/c-ud037/l-1572839229/e-1585448635/m-1585448636,1572839229,1585448636
133,https://www.udacity.com/course/viewer#!/c-ud037/l-1572839229/e-1585448635/m-1585448638,1572839229,1585448638
134,https://www.udacity.com/course/viewer#!/c-ud037/l-1572839229/e-1585448639/m-1585448640,1572839229,1585448640
135,https://www.udacity.com/course/viewer#!/c-ud037/l-1572839229/e-1585448639/m-1585448642,1572839229,1585448642
136,https://www.udacity.com/course/viewer#!/c-ud037/l-1572839229/m-1585448643,1572839229,1585448643
137,https://www.udacity.com/course/viewer#!/c-ud037/l-1572839229/m-1831888775,1572839229,1831888775
138,https://www.udacity.com/course/viewer#!/c-ud037/l-1572839229/m-1831888776,1572839229,1831888776
139,https://www.udacity.com/course/viewer#!/c-ud037/l-1572839229/m-1831888777,1572839229,1831888777
140,https://www.udacity.com/course/viewer#!/c-ud037/l-1572839229/e-1585448644/m-1585448645,1572839229,1585448645
141,https://www.udacity.com/course/viewer#!/c-ud037/l-1572839229/e-1585448644/m-1844528548,1572839229,1844528548
142,https://www.udacity.com/course/viewer#!/c-ud037/l-1614208648/m-1861798565,1614208648,1861798565
143,https://www.udacity.com/course/viewer#!/c-ud037/l-1614208648/e-1614889193/m-1614889194,1614208648,1614889194
144,https://www.udacity.com/course/viewer#!/c-ud037/l-1614208648/e-1614889193/m-1614889196,1614208648,1614889196
145,https://www.udacity.com/course/viewer#!/c-ud037/l-1614208648/m-1861798566,1614208648,1861798566
146,https://www.udacity.com/course/viewer#!/c-ud037/l-1614208648/m-1614889197,1614208648,1614889197
147,https://www.udacity.com/course/viewer#!/c-ud037/l-1614208648/e-1614889198/m-1614889199,1614208648,1614889199
148,https://www.udacity.com/course/viewer#!/c-ud037/l-1614208648/e-1614889198/m-1614889201,1614208648,1614889201
149,https://www.udacity.com/course/viewer#!/c-ud037/l-1614208648/m-1861798567,1614208648,1861798567
150,https://www.udacity.com/course/viewer#!/c-ud037/l-1614208648/m-1861798568,1614208648,1861798568
151,https://www.udacity.com/course/viewer#!/c-ud037/l-1614208648/m-1614889202,1614208648,1614889202
152,https://www.udacity.com/course/viewer#!/c-ud037/l-1614208648/m-1614889203,1614208648,1614889203
153,https://www.udacity.com/course/viewer#!/c-ud037/l-1614208648/m-1614889204,1614208648,1614889204
154,https://www.udacity.com/course/viewer#!/c-ud037/l-1614208648/m-1614889205,1614208648,1614889205
155,https://www.udacity.com/course/viewer#!/c-ud037/l-1614208648/m-1614889206,1614208648,1614889206
156,https://www.udacity.com/course/viewer#!/c-ud037/l-1614208648/e-1614889207/m-1614889208,1614208648,1614889208
157,https://www.udacity.com/course/viewer#!/c-ud037/l-1614208648/e-1614889207/m-1614889210,1614208648,1614889210
158,https://www.udacity.com/course/viewer#!/c-ud037/l-1614208648/e-1614889211/m-1614889212,1614208648,1614889212
159,https://www.udacity.com/course/viewer#!/c-ud037/l-1614208648/e-1614889211/m-1614889214,1614208648,1614889214
160,https://www.udacity.com/course/viewer#!/c-ud037/l-1614208648/e-1614889215/m-1614889216,1614208648,1614889216
161,https://www.udacity.com/course/viewer#!/c-ud037/l-1614208648/e-1614889215/m-1614889218,1614208648,1614889218
162,https://www.udacity.com/course/viewer#!/c-ud037/l-1614208648/m-1614889219,1614208648,1614889219
163,https://www.udacity.com/course/viewer#!/c-ud037/l-1614208648/e-1614889220/m-1614889221,1614208648,1614889221
164,https://www.udacity.com/course/viewer#!/c-ud037/l-1614208648/e-1614889220/m-1614889223,1614208648,1614889223
165,https://www.udacity.com/course/viewer#!/c-ud037/l-1614208648/m-1861798569,1614208648,1861798569
166,https://www.udacity.com/course/viewer#!/c-ud037/l-1614208648/m-1861798570,1614208648,1861798570
167,https://www.udacity.com/course/viewer#!/c-ud037/l-1614208648/m-1861798571,1614208648,1861798571
168,https://www.udacity.com/course/viewer#!/c-ud037/l-1614208648/m-1861798572,1614208648,1861798572
169,https://www.udacity.com/course/viewer#!/c-ud037/l-1614208648/e-1614889224/m-1614889225,1614208648,1614889225
170,https://www.udacity.com/course/viewer#!/c-ud037/l-1614208648/e-1614889224/m-1835648610,1614208648,1835648610
171,https://www.udacity.com/course/viewer#!/c-ud037/l-1778648600/m-1800638541,1778648600,1800638541
172,https://www.udacity.com/course/viewer#!/c-ud037/l-1778648600/e-1738688874/m-1738688875,1778648600,1738688875
173,https://www.udacity.com/course/viewer#!/c-ud037/l-1778648600/e-1738688874/m-1738688877,1778648600,1738688877
174,https://www.udacity.com/course/viewer#!/c-ud037/l-1778648600/m-1738688878,1778648600,1738688878
175,https://www.udacity.com/course/viewer#!/c-ud037/l-1778648600/e-1738688879/m-1738688880,1778648600,1738688880
176,https://www.udacity.com/course/viewer#!/c-ud037/l-1778648600/e-1738688879/m-1738688882,1778648600,1738688882
177,https://www.udacity.com/course/viewer#!/c-ud037/l-1778648600/m-1738688883,1778648600,1738688883
178,https://www.udacity.com/course/viewer#!/c-ud037/l-1778648600/m-1738688884,1778648600,1738688884
179,https://www.udacity.com/course/viewer#!/c-ud037/l-1778648600/e-1738688885/m-1738688886,1778648600,1738688886
180,https://www.udacity.com/course/viewer#!/c-ud037/l-1778648600/e-1738688885/m-1738688888,1778648600,1738688888
181,https://www.udacity.com/course/viewer#!/c-ud037/l-1778648600/m-1738688889,1778648600,1738688889
182,https://www.udacity.com/course/viewer#!/c-ud037/l-1778648600/e-1738688890/m-1738688891,1778648600,1738688891
183,https://www.udacity.com/course/viewer#!/c-ud037/l-1778648600/e-1738688890/m-1738688893,1778648600,1738688893
184,https://www.udacity.com/course/viewer#!/c-ud037/l-1778648600/m-1738688894,1778648600,1738688894
185,https://www.udacity.com/course/viewer#!/c-ud037/l-1778648600/e-1738688895/m-1738688896,1778648600,1738688896
186,https://www.udacity.com/course/viewer#!/c-ud037/l-1778648600/e-1738688895/m-1738688898,1778648600,1738688898
187,https://www.udacity.com/course/viewer#!/c-ud037/l-1778648600/m-1800638542,1778648600,1800638542
188,https://www.udacity.com/course/viewer#!/c-ud037/l-1778648600/m-1800638543,1778648600,1800638543
189,https://www.udacity.com/course/viewer#!/c-ud037/l-1778648600/m-1800638544,1778648600,1800638544
190,https://www.udacity.com/course/viewer#!/c-ud037/l-1778648600/e-1738688899/m-1738688900,1778648600,1738688900
191,https://www.udacity.com/course/viewer#!/c-ud037/l-1778648600/e-1738688899/m-1738688902,1778648600,1738688902
192,https://www.udacity.com/course/viewer#!/c-ud037/l-1938369005/m-1987388578,1938369005,1987388578
193,https://www.udacity.com/course/viewer#!/c-ud037/l-1938369005/e-1947698972/m-1947698973,1938369005,1947698973
194,https://www.udacity.com/course/viewer#!/c-ud037/l-1938369005/e-1947698972/m-1947698975,1938369005,1947698975
195,https://www.udacity.com/course/viewer#!/c-ud037/l-1938369005/m-1947698976,1938369005,1947698976
196,https://www.udacity.com/course/viewer#!/c-ud037/l-1938369005/m-1947698977,1938369005,1947698977
197,https://www.udacity.com/course/viewer#!/c-ud037/l-1938369005/e-1947698978/m-1947698979,1938369005,1947698979
198,https://www.udacity.com/course/viewer#!/c-ud037/l-1938369005/e-1947698978/m-1947698981,1938369005,1947698981
199,https://www.udacity.com/course/viewer#!/c-ud037/l-1938369005/e-1947698982/m-1947698983,1938369005,1947698983
200,https://www.udacity.com/course/viewer#!/c-ud037/l-1938369005/e-1947698982/m-1947698985,1938369005,1947698985
201,https://www.udacity.com/course/viewer#!/c-ud037/l-1938369005/m-1947698986,1938369005,1947698986
202,https://www.udacity.com/course/viewer#!/c-ud037/l-1938369005/m-1947698987,1938369005,1947698987
203,https://www.udacity.com/course/viewer#!/c-ud037/l-1938369005/m-1987388579,1938369005,1987388579
204,https://www.udacity.com/course/viewer#!/c-ud037/l-1938369005/m-1987388580,1938369005,1987388580
205,https://www.udacity.com/course/viewer#!/c-ud037/l-1938369005/m-1987388581,1938369005,1987388581
206,https://www.udacity.com/course/viewer#!/c-ud037/l-1938369005/e-1947698988/m-1947698989,1938369005,1947698989
207,https://www.udacity.com/course/viewer#!/c-ud037/l-1938369005/e-1947698988/m-1947698991,1938369005,1947698991
208,https://www.udacity.com/course/viewer#!/c-ud037/l-2129908564/m-2141208553,2129908564,2141208553
209,https://www.udacity.com/course/viewer#!/c-ud037/l-2129908564/e-2123078581/m-2123078582,2129908564,2123078582
210,https://www.udacity.com/course/viewer#!/c-ud037/l-2129908564/e-2123078581/m-2123078584,2129908564,2123078584
211,https://www.udacity.com/course/viewer#!/c-ud037/l-2129908564/m-2123078585,2129908564,2123078585
212,https://www.udacity.com/course/viewer#!/c-ud037/l-2129908564/m-2123078586,2129908564,2123078586
213,https://www.udacity.com/course/viewer#!/c-ud037/l-2129908564/m-2123078587,2129908564,2123078587
214,https://www.udacity.com/course/viewer#!/c-ud037/l-2129908564/m-2123078588,2129908564,2123078588
215,https://www.udacity.com/course/viewer#!/c-ud037/l-2129908564/m-2123078589,2129908564,2123078589
216,https://www.udacity.com/course/viewer#!/c-ud037/l-2129908564/m-2123078590,2129908564,2123078590
217,https://www.udacity.com/course/viewer#!/c-ud037/l-2129908564/m-2123078591,2129908564,2123078591
218,https://www.udacity.com/course/viewer#!/c-ud037/l-2129908564/m-2123078592,2129908564,2123078592
219,https://www.udacity.com/course/viewer#!/c-ud037/l-2129908564/m-2123078593,2129908564,2123078593
220,https://www.udacity.com/course/viewer#!/c-ud037/l-2129908564/e-2123078594/m-2123078595,2129908564,2123078595
221,https://www.udacity.com/course/viewer#!/c-ud037/l-2129908564/e-2123078594/m-2123078597,2129908564,2123078597
222,https://www.udacity.com/course/viewer#!/c-ud037/l-2129908564/e-2123078598/m-2123078599,2129908564,2123078599
223,https://www.udacity.com/course/viewer#!/c-ud037/l-2129908564/e-2123078598/m-2123078601,2129908564,2123078601
224,https://www.udacity.com/course/viewer#!/c-ud037/l-2129908564/m-2123078602,2129908564,2123078602
225,https://www.udacity.com/course/viewer#!/c-ud037/l-2129908564/e-2123078603/m-2123078604,2129908564,2123078604
226,https://www.udacity.com/course/viewer#!/c-ud037/l-2129908564/e-2123078603/m-2123078606,2129908564,2123078606
227,https://www.udacity.com/course/viewer#!/c-ud037/l-2129908564/e-2123078607/m-2123078608,2129908564,2123078608
228,https://www.udacity.com/course/viewer#!/c-ud037/l-2129908564/e-2123078607/m-2123078610,2129908564,2123078610
229,https://www.udacity.com/course/viewer#!/c-ud037/l-2129908564/m-2123078611,2129908564,2123078611
230,https://www.udacity.com/course/viewer#!/c-ud037/l-2129908564/e-2123078612/m-2123078613,2129908564,2123078613
231,https://www.udacity.com/course/viewer#!/c-ud037/l-2129908564/e-2123078612/m-2123078615,2129908564,2123078615
232,https://www.udacity.com/course/viewer#!/c-ud037/l-2129908564/e-2123078616/m-2123078617,2129908564,2123078617
233,https://www.udacity.com/course/viewer#!/c-ud037/l-2129908564/e-2123078616/m-2123078619,2129908564,2123078619
234,https://www.udacity.com/course/viewer#!/c-ud037/l-2129908564/m-2123078620,2129908564,2123078620
235,https://www.udacity.com/course/viewer#!/c-ud037/l-2129908564/m-2141208554,2129908564,2141208554
236,https://www.udacity.com/course/viewer#!/c-ud037/l-2129908564/m-2141208555,2129908564,2141208555
237,https://www.udacity.com/course/viewer#!/c-ud037/l-2129908564/m-2141208556,2129908564,2141208556
238,https://www.udacity.com/course/viewer#!/c-ud037/l-2129908564/e-2108668566/m-2108668567,2129908564,2108668567
239,https://www.udacity.com/course/viewer#!/c-ud037/l-2129908564/e-2108668566/m-2108668569,2129908564,2108668569
240,https://www.udacity.com/course/viewer#!/c-ud037/l-1623408676/m-1948839046,1623408676,1948839046
241,https://www.udacity.com/course/viewer#!/c-ud037/l-1623408676/e-1649738537/m-1649738538,1623408676,1649738538
242,https://www.udacity.com/course/viewer#!/c-ud037/l-1623408676/e-1649738537/m-1649738540,1623408676,1649738540
243,https://www.udacity.com/course/viewer#!/c-ud037/l-1623408676/e-1649738541/m-1649738542,1623408676,1649738542
244,https://www.udacity.com/course/viewer#!/c-ud037/l-1623408676/e-1649738541/m-1649738544,1623408676,1649738544
245,https://www.udacity.com/course/viewer#!/c-ud037/l-1623408676/e-1649738545/m-1649738546,1623408676,1649738546
246,https://www.udacity.com/course/viewer#!/c-ud037/l-1623408676/e-1649738545/m-1649738548,1623408676,1649738548
247,https://www.udacity.com/course/viewer#!/c-ud037/l-1623408676/m-1649738549,1623408676,1649738549
248,https://www.udacity.com/course/viewer#!/c-ud037/l-1623408676/m-1649738550,1623408676,1649738550
249,https://www.udacity.com/course/viewer#!/c-ud037/l-1623408676/m-1649738551,1623408676,1649738551
250,https://www.udacity.com/course/viewer#!/c-ud037/l-1623408676/m-1649738552,1623408676,1649738552
251,https://www.udacity.com/course/viewer#!/c-ud037/l-1623408676/m-1649738553,1623408676,1649738553
252,https://www.udacity.com/course/viewer#!/c-ud037/l-1623408676/m-1649738554,1623408676,1649738554
253,https://www.udacity.com/course/viewer#!/c-ud037/l-1623408676/m-1649738555,1623408676,1649738555
254,https://www.udacity.com/course/viewer#!/c-ud037/l-1623408676/m-1649738556,1623408676,1649738556
255,https://www.udacity.com/course/viewer#!/c-ud037/l-1623408676/m-1649738557,1623408676,1649738557
256,https://www.udacity.com/course/viewer#!/c-ud037/l-1623408676/e-1649738558/m-1649738559,1623408676,1649738559
257,https://www.udacity.com/course/viewer#!/c-ud037/l-1623408676/e-1649738558/m-1649738561,1623408676,1649738561
258,https://www.udacity.com/course/viewer#!/c-ud037/l-1623408676/e-1649738562/m-1649738563,1623408676,1649738563
259,https://www.udacity.com/course/viewer#!/c-ud037/l-1623408676/e-1649738562/m-1649738565,1623408676,1649738565
260,https://www.udacity.com/course/viewer#!/c-ud037/l-1623408676/e-1649738566/m-1649738567,1623408676,1649738567
261,https://www.udacity.com/course/viewer#!/c-ud037/l-1623408676/e-1649738566/m-1649738569,1623408676,1649738569
262,https://www.udacity.com/course/viewer#!/c-ud037/l-1623408676/e-1649738570/m-1649738571,1623408676,1649738571
263,https://www.udacity.com/course/viewer#!/c-ud037/l-1623408676/e-1649738570/m-1649738573,1623408676,1649738573
264,https://www.udacity.com/course/viewer#!/c-ud037/l-1623408676/e-1649738574/m-1649738575,1623408676,1649738575
265,https://www.udacity.com/course/viewer#!/c-ud037/l-1623408676/e-1649738574/m-1649738577,1623408676,1649738577
266,https://www.udacity.com/course/viewer#!/c-ud037/l-1623408676/e-1649738578/m-1649738579,1623408676,1649738579
267,https://www.udacity.com/course/viewer#!/c-ud037/l-1623408676/e-1649738578/m-1649738581,1623408676,1649738581
268,https://www.udacity.com/course/viewer#!/c-ud037/l-1623408676/m-2480578563,1623408676,2480578563
269,https://www.udacity.com/course/viewer#!/c-ud037/l-1623408676/m-1948839047,1623408676,1948839047
270,https://www.udacity.com/course/viewer#!/c-ud037/l-1623408676/m-1948839048,1623408676,1948839048
271,https://www.udacity.com/course/viewer#!/c-ud037/l-1623408676/m-1948839049,1623408676,1948839049
272,https://www.udacity.com/course/viewer#!/c-ud037/l-1623408676/e-1649738582/m-1649738583,1623408676,1649738583
273,https://www.udacity.com/course/viewer#!/c-ud037/l-1623408676/e-1649738582/m-1649738585,1623408676,1649738585
274,https://www.udacity.com/course/viewer#!/c-ud037/l-1649018590/m-1967808594,1649018590,1967808594
275,https://www.udacity.com/course/viewer#!/c-ud037/l-1649018590/e-1659588536/m-1659588537,1649018590,1659588537
276,https://www.udacity.com/course/viewer#!/c-ud037/l-1649018590/e-1659588536/m-1659588539,1649018590,1659588539
277,https://www.udacity.com/course/viewer#!/c-ud037/l-1649018590/m-1659588540,1649018590,1659588540
278,https://www.udacity.com/course/viewer#!/c-ud037/l-1649018590/m-1659588541,1649018590,1659588541
279,https://www.udacity.com/course/viewer#!/c-ud037/l-1649018590/m-1659588542,1649018590,1659588542
280,https://www.udacity.com/course/viewer#!/c-ud037/l-1649018590/e-1659588543/m-1659588544,1649018590,1659588544
281,https://www.udacity.com/course/viewer#!/c-ud037/l-1649018590/e-1659588543/m-1659588546,1649018590,1659588546
282,https://www.udacity.com/course/viewer#!/c-ud037/l-1649018590/m-1659588547,1649018590,1659588547
283,https://www.udacity.com/course/viewer#!/c-ud037/l-1649018590/e-1659588548/m-1659588549,1649018590,1659588549
284,https://www.udacity.com/course/viewer#!/c-ud037/l-1649018590/e-1659588548/m-1659588551,1649018590,1659588551
285,https://www.udacity.com/course/viewer#!/c-ud037/l-1649018590/m-1659588552,1649018590,1659588552
286,https://www.udacity.com/course/viewer#!/c-ud037/l-1649018590/m-1659588553,1649018590,1659588553
287,https://www.udacity.com/course/viewer#!/c-ud037/l-1649018590/m-1659588554,1649018590,1659588554
288,https://www.udacity.com/course/viewer#!/c-ud037/l-1649018590/m-1659588555,1649018590,1659588555
289,https://www.udacity.com/course/viewer#!/c-ud037/l-1649018590/m-1659588556,1649018590,1659588556
290,https://www.udacity.com/course/viewer#!/c-ud037/l-1649018590/e-1659588557/m-1659588558,1649018590,1659588558
291,https://www.udacity.com/course/viewer#!/c-ud037/l-1649018590/e-1659588557/m-1659588560,1649018590,1659588560
292,https://www.udacity.com/course/viewer#!/c-ud037/l-1649018590/m-1659588561,1649018590,1659588561
293,https://www.udacity.com/course/viewer#!/c-ud037/l-1649018590/m-1967808595,1649018590,1967808595
294,https://www.udacity.com/course/viewer#!/c-ud037/l-1649018590/m-1967808596,1649018590,1967808596
295,https://www.udacity.com/course/viewer#!/c-ud037/l-1649018590/m-1967808597,1649018590,1967808597
296,https://www.udacity.com/course/viewer#!/c-ud037/l-1649018590/e-1659588562/m-1659588563,1649018590,1659588563
297,https://www.udacity.com/course/viewer#!/c-ud037/l-1649018590/e-1659588562/m-1659588565,1649018590,1659588565
298,https://www.udacity.com/course/viewer#!/c-ud037/l-1924148987/m-1919039035,1924148987,1919039035
299,https://www.udacity.com/course/viewer#!/c-ud037/l-1924148987/m-1923938956,1924148987,1923938956
300,https://www.udacity.com/course/viewer#!/c-ud037/l-1924148987/m-1923938957,1924148987,1923938957
301,https://www.udacity.com/course/viewer#!/c-ud037/l-1924148987/e-1923938958/m-1923938959,1924148987,1923938959
302,https://www.udacity.com/course/viewer#!/c-ud037/l-1924148987/e-1923938958/m-1923938961,1924148987,1923938961
303,https://www.udacity.com/course/viewer#!/c-ud037/l-1924148987/m-1923938962,1924148987,1923938962
304,https://www.udacity.com/course/viewer#!/c-ud037/l-1924148987/m-1923938963,1924148987,1923938963
305,https://www.udacity.com/course/viewer#!/c-ud037/l-1924148987/m-1923938964,1924148987,1923938964
306,https://www.udacity.com/course/viewer#!/c-ud037/l-1924148987/m-1923938965,1924148987,1923938965
307,https://www.udacity.com/course/viewer#!/c-ud037/l-1924148987/e-1923938966/m-1923938967,1924148987,1923938967
308,https://www.udacity.com/course/viewer#!/c-ud037/l-1924148987/e-1923938966/m-1923938969,1924148987,1923938969
309,https://www.udacity.com/course/viewer#!/c-ud037/l-1924148987/m-1923938970,1924148987,1923938970
310,https://www.udacity.com/course/viewer#!/c-ud037/l-1924148987/e-1923938971/m-1923938972,1924148987,1923938972
311,https://www.udacity.com/course/viewer#!/c-ud037/l-1924148987/e-1923938971/m-1923938974,1924148987,1923938974
312,https://www.udacity.com/course/viewer#!/c-ud037/l-1924148987/e-1923938975/m-1923938976,1924148987,1923938976
313,https://www.udacity.com/course/viewer#!/c-ud037/l-1924148987/e-1923938975/m-1923938978,1924148987,1923938978
314,https://www.udacity.com/course/viewer#!/c-ud037/l-1924148987/e-1923938979/m-1923938980,1924148987,1923938980
315,https://www.udacity.com/course/viewer#!/c-ud037/l-1924148987/e-1923938979/m-1923938982,1924148987,1923938982
316,https://www.udacity.com/course/viewer#!/c-ud037/l-1924148987/e-1923938983/m-1923938984,1924148987,1923938984
317,https://www.udacity.com/course/viewer#!/c-ud037/l-1924148987/e-1923938983/m-1923938986,1924148987,1923938986
318,https://www.udacity.com/course/viewer#!/c-ud037/l-1924148987/e-1923938987/m-1923938988,1924148987,1923938988
319,https://www.udacity.com/course/viewer#!/c-ud037/l-1924148987/e-1923938987/m-1923938990,1924148987,1923938990
320,https://www.udacity.com/course/viewer#!/c-ud037/l-1924148987/e-1923938991/m-1923938992,1924148987,1923938992
321,https://www.udacity.com/course/viewer#!/c-ud037/l-1924148987/e-1923938991/m-1923938994,1924148987,1923938994
322,https://www.udacity.com/course/viewer#!/c-ud037/l-1924148987/m-1923938995,1924148987,1923938995
323,https://www.udacity.com/course/viewer#!/c-ud037/l-1924148987/m-1923938996,1924148987,1923938996
324,https://www.udacity.com/course/viewer#!/c-ud037/l-1924148987/m-1923938997,1924148987,1923938997
325,https://www.udacity.com/course/viewer#!/c-ud037/l-1924148987/m-1923938998,1924148987,1923938998
326,https://www.udacity.com/course/viewer#!/c-ud037/l-1924148987/m-1923938999,1924148987,1923938999
327,https://www.udacity.com/course/viewer#!/c-ud037/l-1924148987/m-1923939000,1924148987,1923939000
328,https://www.udacity.com/course/viewer#!/c-ud037/l-1924148987/m-1923939001,1924148987,1923939001
329,https://www.udacity.com/course/viewer#!/c-ud037/l-1924148987/e-1923939002/m-1923939003,1924148987,1923939003
330,https://www.udacity.com/course/viewer#!/c-ud037/l-1924148987/e-1923939002/m-1923939005,1924148987,1923939005
331,https://www.udacity.com/course/viewer#!/c-ud037/l-1924148987/e-1923939006/m-1923939007,1924148987,1923939007
332,https://www.udacity.com/course/viewer#!/c-ud037/l-1924148987/e-1923939006/m-1923939009,1924148987,1923939009
333,https://www.udacity.com/course/viewer#!/c-ud037/l-1924148987/e-1923939010/m-1923939011,1924148987,1923939011
334,https://www.udacity.com/course/viewer#!/c-ud037/l-1924148987/e-1923939010/m-1923939013,1924148987,1923939013
335,https://www.udacity.com/course/viewer#!/c-ud037/l-1924148987/e-1923939014/m-1923939015,1924148987,1923939015
336,https://www.udacity.com/course/viewer#!/c-ud037/l-1924148987/e-1923939014/m-1923939017,1924148987,1923939017
337,https://www.udacity.com/course/viewer#!/c-ud037/l-1924148987/e-1923939018/m-1923939019,1924148987,1923939019
338,https://www.udacity.com/course/viewer#!/c-ud037/l-1924148987/e-1923939018/m-1923939021,1924148987,1923939021
339,https://www.udacity.com/course/viewer#!/c-ud037/l-1924148987/e-1923939022/m-1923939023,1924148987,1923939023
340,https://www.udacity.com/course/viewer#!/c-ud037/l-1924148987/e-1923939022/m-1923939025,1924148987,1923939025
341,https://www.udacity.com/course/viewer#!/c-ud037/l-1924148987/m-1919039036,1924148987,1919039036
342,https://www.udacity.com/course/viewer#!/c-ud037/l-1924148987/m-1919039037,1924148987,1919039037
343,https://www.udacity.com/course/viewer#!/c-ud037/l-1924148987/m-1919039038,1924148987,1919039038
344,https://www.udacity.com/course/viewer#!/c-ud037/l-1924148987/e-1923939026/m-1923939027,1924148987,1923939027
345,https://www.udacity.com/course/viewer#!/c-ud037/l-1924148987/e-1923939026/m-1923939029,1924148987,1923939029
346,https://www.udacity.com/course/viewer#!/c-ud037/l-1922019281/m-1968108734,1922019281,1968108734
347,https://www.udacity.com/course/viewer#!/c-ud037/l-1922019281/m-1940959028,1922019281,1940959028
348,https://www.udacity.com/course/viewer#!/c-ud037/l-1922019281/m-1940959029,1922019281,1940959029
349,https://www.udacity.com/course/viewer#!/c-ud037/l-1922019281/e-1940959030/m-1940959031,1922019281,1940959031
350,https://www.udacity.com/course/viewer#!/c-ud037/l-1922019281/e-1940959030/m-1940959033,1922019281,1940959033
351,https://www.udacity.com/course/viewer#!/c-ud037/l-1922019281/m-1940959034,1922019281,1940959034
352,https://www.udacity.com/course/viewer#!/c-ud037/l-1922019281/e-1940959035/m-1940959036,1922019281,1940959036
353,https://www.udacity.com/course/viewer#!/c-ud037/l-1922019281/e-1940959035/m-1940959038,1922019281,1940959038
354,https://www.udacity.com/course/viewer#!/c-ud037/l-1922019281/m-1940959039,1922019281,1940959039
355,https://www.udacity.com/course/viewer#!/c-ud037/l-1922019281/e-1940959040/m-1940959041,1922019281,1940959041
356,https://www.udacity.com/course/viewer#!/c-ud037/l-1922019281/e-1940959040/m-1940959043,1922019281,1940959043
357,https://www.udacity.com/course/viewer#!/c-ud037/l-1922019281/m-1940959044,1922019281,1940959044
358,https://www.udacity.com/course/viewer#!/c-ud037/l-1922019281/m-1940959045,1922019281,1940959045
359,https://www.udacity.com/course/viewer#!/c-ud037/l-1922019281/m-1968108735,1922019281,1968108735
360,https://www.udacity.com/course/viewer#!/c-ud037/l-1922019281/m-1940959046,1922019281,1940959046
361,https://www.udacity.com/course/viewer#!/c-ud037/l-1922019281/e-1940959047/m-1940959048,1922019281,1940959048
362,https://www.udacity.com/course/viewer#!/c-ud037/l-1922019281/e-1940959047/m-1940959050,1922019281,1940959050
363,https://www.udacity.com/course/viewer#!/c-ud037/l-1922019281/m-1940959051,1922019281,1940959051
364,https://www.udacity.com/course/viewer#!/c-ud037/l-1922019281/m-1940959052,1922019281,1940959052
365,https://www.udacity.com/course/viewer#!/c-ud037/l-1922019281/e-1940959053/m-1940959054,1922019281,1940959054
366,https://www.udacity.com/course/viewer#!/c-ud037/l-1922019281/e-1940959053/m-1940959056,1922019281,1940959056
367,https://www.udacity.com/course/viewer#!/c-ud037/l-1922019281/e-1940959057/m-1940959058,1922019281,1940959058
368,https://www.udacity.com/course/viewer#!/c-ud037/l-1922019281/e-1940959057/m-1940959060,1922019281,1940959060
369,https://www.udacity.com/course/viewer#!/c-ud037/l-1922019281/e-1940959061/m-1940959062,1922019281,1940959062
370,https://www.udacity.com/course/viewer#!/c-ud037/l-1922019281/e-1940959061/m-1940959064,1922019281,1940959064
371,https://www.udacity.com/course/viewer#!/c-ud037/l-1922019281/e-1940959065/m-1940959066,1922019281,1940959066
372,https://www.udacity.com/course/viewer#!/c-ud037/l-1922019281/e-1940959065/m-1940959068,1922019281,1940959068
373,https://www.udacity.com/course/viewer#!/c-ud037/l-1922019281/e-1940959069/m-1940959070,1922019281,1940959070
374,https://www.udacity.com/course/viewer#!/c-ud037/l-1922019281/e-1940959069/m-1940959072,1922019281,1940959072
375,https://www.udacity.com/course/viewer#!/c-ud037/l-1922019281/m-1940959073,1922019281,1940959073
376,https://www.udacity.com/course/viewer#!/c-ud037/l-1922019281/m-1940959074,1922019281,1940959074
377,https://www.udacity.com/course/viewer#!/c-ud037/l-1922019281/m-1940959075,1922019281,1940959075
378,https://www.udacity.com/course/viewer#!/c-ud037/l-1922019281/m-1968108736,1922019281,1968108736
379,https://www.udacity.com/course/viewer#!/c-ud037/l-1922019281/m-1968108737,1922019281,1968108737
380,https://www.udacity.com/course/viewer#!/c-ud037/l-1922019281/m-1968108738,1922019281,1968108738
381,https://www.udacity.com/course/viewer#!/c-ud037/l-1922019281/e-2311238567/m-2311238568,1922019281,2311238568
382,https://www.udacity.com/course/viewer#!/c-ud037/l-1922019281/e-2311238567/m-2311238570,1922019281,2311238570
383,https://www.udacity.com/course/viewer#!/c-ud037/l-1965358577/m-1923799691,1965358577,1923799691
384,https://www.udacity.com/course/viewer#!/c-ud037/l-1965358577/m-1970719021,1965358577,1970719021
385,https://www.udacity.com/course/viewer#!/c-ud037/l-1965358577/m-1970719022,1965358577,1970719022
386,https://www.udacity.com/course/viewer#!/c-ud037/l-1965358577/m-1923799692,1965358577,1923799692
387,https://www.udacity.com/course/viewer#!/c-ud037/l-1965358577/e-1970719023/m-1970719024,1965358577,1970719024
388,https://www.udacity.com/course/viewer#!/c-ud037/l-1965358577/e-1970719023/m-1970719026,1965358577,1970719026
389,https://www.udacity.com/course/viewer#!/c-ud037/l-1965358577/m-1970719027,1965358577,1970719027
390,https://www.udacity.com/course/viewer#!/c-ud037/l-1965358577/m-1970719028,1965358577,1970719028
391,https://www.udacity.com/course/viewer#!/c-ud037/l-1965358577/m-1923799693,1965358577,1923799693
392,https://www.udacity.com/course/viewer#!/c-ud037/l-1965358577/m-1970719029,1965358577,1970719029
393,https://www.udacity.com/course/viewer#!/c-ud037/l-1965358577/e-1970719030/m-1970719031,1965358577,1970719031
394,https://www.udacity.com/course/viewer#!/c-ud037/l-1965358577/e-1970719030/m-1970719033,1965358577,1970719033
395,https://www.udacity.com/course/viewer#!/c-ud037/l-1965358577/m-1970719034,1965358577,1970719034
396,https://www.udacity.com/course/viewer#!/c-ud037/l-1965358577/m-1923799694,1965358577,1923799694
397,https://www.udacity.com/course/viewer#!/c-ud037/l-1965358577/m-1923799695,1965358577,1923799695
398,https://www.udacity.com/course/viewer#!/c-ud037/l-1965358577/m-1923799696,1965358577,1923799696
399,https://www.udacity.com/course/viewer#!/c-ud037/l-1965358577/e-2326438561/m-2326438562,1965358577,2326438562
400,https://www.udacity.com/course/viewer#!/c-ud037/l-1965358577/e-2326438561/m-2326438564,1965358577,2326438564
401,https://www.udacity.com/course/viewer#!/c-ud037/l-1992128593/m-2282888549,1992128593,2282888549
402,https://www.udacity.com/course/viewer#!/c-ud037/l-1992128593/m-1925229025,1992128593,1925229025
403,https://www.udacity.com/course/viewer#!/c-ud037/l-1992128593/m-1925229026,1992128593,1925229026
404,https://www.udacity.com/course/viewer#!/c-ud037/l-1992128593/e-1925229027/m-1925229028,1992128593,1925229028
405,https://www.udacity.com/course/viewer#!/c-ud037/l-1992128593/e-1925229027/m-1925229030,1992128593,1925229030
406,https://www.udacity.com/course/viewer#!/c-ud037/l-1992128593/m-1925229031,1992128593,1925229031
407,https://www.udacity.com/course/viewer#!/c-ud037/l-1992128593/e-1925229032/m-1925229033,1992128593,1925229033
408,https://www.udacity.com/course/viewer#!/c-ud037/l-1992128593/e-1925229032/m-1925229035,1992128593,1925229035
409,https://www.udacity.com/course/viewer#!/c-ud037/l-1992128593/m-2495628543,1992128593,2495628543
410,https://www.udacity.com/course/viewer#!/c-ud037/l-1992128593/e-1925229037/m-1925229038,1992128593,1925229038
411,https://www.udacity.com/course/viewer#!/c-ud037/l-1992128593/e-1925229037/m-1925229040,1992128593,1925229040
412,https://www.udacity.com/course/viewer#!/c-ud037/l-1992128593/m-1925229041,1992128593,1925229041
413,https://www.udacity.com/course/viewer#!/c-ud037/l-1992128593/m-1925229042,1992128593,1925229042
414,https://www.udacity.com/course/viewer#!/c-ud037/l-1992128593/m-1925229043,1992128593,1925229043
415,https://www.udacity.com/course/viewer#!/c-ud037/l-1992128593/m-1925229044,1992128593,1925229044
416,https://www.udacity.com/course/viewer#!/c-ud037/l-1992128593/e-1925229045/m-1925229046,1992128593,1925229046
417,https://www.udacity.com/course/viewer#!/c-ud037/l-1992128593/e-1925229045/m-1925229048,1992128593,1925229048
418,https://www.udacity.com/course/viewer#!/c-ud037/l-1992128593/m-2282888550,1992128593,2282888550
419,https://www.udacity.com/course/viewer#!/c-ud037/l-1992128593/m-2282888551,1992128593,2282888551
420,https://www.udacity.com/course/viewer#!/c-ud037/l-1992128593/m-2282888552,1992128593,2282888552
421,https://www.udacity.com/course/viewer#!/c-ud037/l-1992128593/e-2399488539/m-2399488540,1992128593,2399488540
422,https://www.udacity.com/course/viewer#!/c-ud037/l-1992128593/e-2399488539/m-2399488542,1992128593,2399488542
423,https://www.udacity.com/course/viewer#!/c-ud037/l-1968808670/m-2277008577,1968808670,2277008577
424,https://www.udacity.com/course/viewer#!/c-ud037/l-1968808670/e-1956368712/m-1956368713,1968808670,1956368713
425,https://www.udacity.com/course/viewer#!/c-ud037/l-1968808670/e-1956368712/m-1956368715,1968808670,1956368715
426,https://www.udacity.com/course/viewer#!/c-ud037/l-1968808670/m-2464588743,1968808670,2464588743
427,https://www.udacity.com/course/viewer#!/c-ud037/l-1968808670/m-2277008582,1968808670,2277008582
428,https://www.udacity.com/course/viewer#!/c-ud037/l-1968808670/m-2277008578,1968808670,2277008578
429,https://www.udacity.com/course/viewer#!/c-ud037/l-1968808670/m-1956368716,1968808670,1956368716
430,https://www.udacity.com/course/viewer#!/c-ud037/l-1968808670/m-1956368717,1968808670,1956368717
431,https://www.udacity.com/course/viewer#!/c-ud037/l-1968808670/m-1956368718,1968808670,1956368718
432,https://www.udacity.com/course/viewer#!/c-ud037/l-1968808670/m-1956368719,1968808670,1956368719
433,https://www.udacity.com/course/viewer#!/c-ud037/l-1968808670/m-1956368720,1968808670,1956368720
434,https://www.udacity.com/course/viewer#!/c-ud037/l-1968808670/e-1956368721/m-1956368722,1968808670,1956368722
435,https://www.udacity.com/course/viewer#!/c-ud037/l-1968808670/e-1956368721/m-1956368724,1968808670,1956368724
436,https://www.udacity.com/course/viewer#!/c-ud037/l-1968808670/e-1956368725/m-1956368726,1968808670,1956368726
437,https://www.udacity.com/course/viewer#!/c-ud037/l-1968808670/e-1956368725/m-1956368728,1968808670,1956368728
438,https://www.udacity.com/course/viewer#!/c-ud037/l-1968808670/m-2277008579,1968808670,2277008579
439,https://www.udacity.com/course/viewer#!/c-ud037/l-1968808670/m-2277008580,1968808670,2277008580
440,https://www.udacity.com/course/viewer#!/c-ud037/l-1968808670/m-2277008581,1968808670,2277008581
441,https://www.udacity.com/course/viewer#!/c-ud037/l-1968808670/e-2331458559/m-2331458560,1968808670,2331458560
442,https://www.udacity.com/course/viewer#!/c-ud037/l-1968808670/e-2331458559/m-2331458562,1968808670,2331458562
443,https://www.udacity.com/course/viewer#!/c-ud037/l-1958328606/m-2266018622,1958328606,2266018622
444,https://www.udacity.com/course/viewer#!/c-ud037/l-1958328606/e-1946808986/m-1946808987,1958328606,1946808987
445,https://www.udacity.com/course/viewer#!/c-ud037/l-1958328606/e-1946808986/m-1946808989,1958328606,1946808989
446,https://www.udacity.com/course/viewer#!/c-ud037/l-1958328606/m-1946808990,1958328606,1946808990
447,https://www.udacity.com/course/viewer#!/c-ud037/l-1958328606/m-1946808991,1958328606,1946808991
448,https://www.udacity.com/course/viewer#!/c-ud037/l-1958328606/m-1946808992,1958328606,1946808992
449,https://www.udacity.com/course/viewer#!/c-ud037/l-1958328606/m-1946808993,1958328606,1946808993
450,https://www.udacity.com/course/viewer#!/c-ud037/l-1958328606/m-1946808994,1958328606,1946808994
451,https://www.udacity.com/course/viewer#!/c-ud037/l-1958328606/e-1946808995/m-1946808996,1958328606,1946808996
452,https://www.udacity.com/course/viewer#!/c-ud037/l-1958328606/e-1946808995/m-1946808998,1958328606,1946808998
453,https://www.udacity.com/course/viewer#!/c-ud037/l-1958328606/e-1946808999/m-1946809000,1958328606,1946809000
454,https://www.udacity.com/course/viewer#!/c-ud037/l-1958328606/e-1946808999/m-1946809002,1958328606,1946809002
455,https://www.udacity.com/course/viewer#!/c-ud037/l-1958328606/m-2266018623,1958328606,2266018623
456,https://www.udacity.com/course/viewer#!/c-ud037/l-1958328606/m-2266018624,1958328606,2266018624
457,https://www.udacity.com/course/viewer#!/c-ud037/l-1958328606/m-2266018625,1958328606,2266018625
458,https://www.udacity.com/course/viewer#!/c-ud037/l-1958328606/m-2266018626,1958328606,2266018626
459,https://www.udacity.com/course/viewer#!/c-ud037/l-1958328606/e-2318198571/m-2318198572,1958328606,2318198572
460,https://www.udacity.com/course/viewer#!/c-ud037/l-1958328606/e-2318198571/m-2318198574,1958328606,2318198574
461,https://www.udacity.com/course/viewer#!/c-ud037/l-2256588560/m-2325038561,2256588560,2325038561
462,https://www.udacity.com/course/viewer#!/c-ud037/l-2256588560/e-2263598574/m-2263598575,2256588560,2263598575
463,https://www.udacity.com/course/viewer#!/c-ud037/l-2256588560/e-2263598574/m-2263598577,2256588560,2263598577
464,https://www.udacity.com/course/viewer#!/c-ud037/l-2256588560/m-2263598578,2256588560,2263598578
465,https://www.udacity.com/course/viewer#!/c-ud037/l-2256588560/m-2263598579,2256588560,2263598579
466,https://www.udacity.com/course/viewer#!/c-ud037/l-2256588560/m-2263598580,2256588560,2263598580
467,https://www.udacity.com/course/viewer#!/c-ud037/l-2256588560/m-2263598581,2256588560,2263598581
468,https://www.udacity.com/course/viewer#!/c-ud037/l-2256588560/m-2263598582,2256588560,2263598582
469,https://www.udacity.com/course/viewer#!/c-ud037/l-2256588560/m-2263598583,2256588560,2263598583
470,https://www.udacity.com/course/viewer#!/c-ud037/l-2256588560/e-2263598584/m-2263598585,2256588560,2263598585
471,https://www.udacity.com/course/viewer#!/c-ud037/l-2256588560/e-2263598584/m-2263598587,2256588560,2263598587
472,https://www.udacity.com/course/viewer#!/c-ud037/l-2256588560/e-2263598588/m-2263598589,2256588560,2263598589
473,https://www.udacity.com/course/viewer#!/c-ud037/l-2256588560/e-2263598588/m-2263598591,2256588560,2263598591
474,https://www.udacity.com/course/viewer#!/c-ud037/l-2256588560/m-2263598592,2256588560,2263598592
475,https://www.udacity.com/course/viewer#!/c-ud037/l-2256588560/e-2263598593/m-2263598594,2256588560,2263598594
476,https://www.udacity.com/course/viewer#!/c-ud037/l-2256588560/e-2263598593/m-2263598596,2256588560,2263598596
477,https://www.udacity.com/course/viewer#!/c-ud037/l-2256588560/m-2263598597,2256588560,2263598597
478,https://www.udacity.com/course/viewer#!/c-ud037/l-2256588560/e-2263598598/m-2263598599,2256588560,2263598599
479,https://www.udacity.com/course/viewer#!/c-ud037/l-2256588560/e-2263598598/m-2263598601,2256588560,2263598601
480,https://www.udacity.com/course/viewer#!/c-ud037/l-2256588560/m-2263598602,2256588560,2263598602
481,https://www.udacity.com/course/viewer#!/c-ud037/l-2256588560/m-2263598603,2256588560,2263598603
482,https://www.udacity.com/course/viewer#!/c-ud037/l-2256588560/m-2263598604,2256588560,2263598604
483,https://www.udacity.com/course/viewer#!/c-ud037/l-2256588560/m-2263598605,2256588560,2263598605
484,https://www.udacity.com/course/viewer#!/c-ud037/l-2256588560/m-2263598606,2256588560,2263598606
485,https://www.udacity.com/course/viewer#!/c-ud037/l-2256588560/m-2325038562,2256588560,2325038562
486,https://www.udacity.com/course/viewer#!/c-ud037/l-2256588560/m-2325038563,2256588560,2325038563
487,https://www.udacity.com/course/viewer#!/c-ud037/l-2256588560/m-2325038564,2256588560,2325038564
488,https://www.udacity.com/course/viewer#!/c-ud037/l-2256588560/m-2325038565,2256588560,2325038565
489,https://www.udacity.com/course/viewer#!/c-ud037/l-2256588560/e-2263598607/m-2263598608,2256588560,2263598608
490,https://www.udacity.com/course/viewer#!/c-ud037/l-2256588560/e-2263598607/m-2263598610,2256588560,2263598610
491,https://www.udacity.com/course/viewer#!/c-ud037/l-1938340059/m-2291008561,1938340059,2291008561
492,https://www.udacity.com/course/viewer#!/c-ud037/l-1938340059/m-1942508710,1938340059,1942508710
493,https://www.udacity.com/course/viewer#!/c-ud037/l-1938340059/m-1942508712,1938340059,1942508712
494,https://www.udacity.com/course/viewer#!/c-ud037/l-1938340059/m-1942508711,1938340059,1942508711
495,https://www.udacity.com/course/viewer#!/c-ud037/l-1938340059/m-2497428568,1938340059,2497428568
496,https://www.udacity.com/course/viewer#!/c-ud037/l-1938340059/m-2497428569,1938340059,2497428569
497,https://www.udacity.com/course/viewer#!/c-ud037/l-1938340059/m-2497428570,1938340059,2497428570
498,https://www.udacity.com/course/viewer#!/c-ud037/l-1938340059/m-2497428571,1938340059,2497428571
499,https://www.udacity.com/course/viewer#!/c-ud037/l-1938340059/m-2497428572,1938340059,2497428572
500,https://www.udacity.com/course/viewer#!/c-ud037/l-1938340059/m-1942508714,1938340059,1942508714
501,https://www.udacity.com/course/viewer#!/c-ud037/l-1938340059/e-1942508715/m-1942508716,1938340059,1942508716
502,https://www.udacity.com/course/viewer#!/c-ud037/l-1938340059/e-1942508715/m-1942508718,1938340059,1942508718
503,https://www.udacity.com/course/viewer#!/c-ud037/l-1938340059/e-1942508719/m-1942508720,1938340059,1942508720
504,https://www.udacity.com/course/viewer#!/c-ud037/l-1938340059/e-1942508719/m-1942508722,1938340059,1942508722
505,https://www.udacity.com/course/viewer#!/c-ud037/l-1938340059/e-1942508723/m-1942508724,1938340059,1942508724
506,https://www.udacity.com/course/viewer#!/c-ud037/l-1938340059/e-1942508723/m-1942508726,1938340059,1942508726
507,https://www.udacity.com/course/viewer#!/c-ud037/l-1938340059/e-1942508727/m-1942508728,1938340059,1942508728
508,https://www.udacity.com/course/viewer#!/c-ud037/l-1938340059/e-1942508727/m-1942508730,1938340059,1942508730
509,https://www.udacity.com/course/viewer#!/c-ud037/l-1938340059/e-1942508731/m-1942508732,1938340059,1942508732
510,https://www.udacity.com/course/viewer#!/c-ud037/l-1938340059/e-1942508731/m-1942508734,1938340059,1942508734
511,https://www.udacity.com/course/viewer#!/c-ud037/l-1938340059/e-1942508735/m-1942508736,1938340059,1942508736
512,https://www.udacity.com/course/viewer#!/c-ud037/l-1938340059/e-1942508735/m-1942508738,1938340059,1942508738
513,https://www.udacity.com/course/viewer#!/c-ud037/l-1938340059/m-2256988536,1938340059,2256988536
514,https://www.udacity.com/course/viewer#!/c-ud037/l-1938340059/m-2256988537,1938340059,2256988537
515,https://www.udacity.com/course/viewer#!/c-ud037/l-1938340059/m-2291008562,1938340059,2291008562
516,https://www.udacity.com/course/viewer#!/c-ud037/l-1938340059/m-2291008563,1938340059,2291008563
517,https://www.udacity.com/course/viewer#!/c-ud037/l-1938340059/m-2291008564,1938340059,2291008564
518,https://www.udacity.com/course/viewer#!/c-ud037/l-1938340059/e-2390428582/m-2390428583,1938340059,2390428583
519,https://www.udacity.com/course/viewer#!/c-ud037/l-1938340059/e-2390428582/m-2390428585,1938340059,2390428585
520,https://www.udacity.com/course/viewer#!/c-ud037/l-1969578631/m-2395628538,1969578631,2395628538
521,https://www.udacity.com/course/viewer#!/c-ud037/l-1969578631/e-1948698652/m-1948698653,1969578631,1948698653
522,https://www.udacity.com/course/viewer#!/c-ud037/l-1969578631/e-1948698652/m-1948698655,1969578631,1948698655
523,https://www.udacity.com/course/viewer#!/c-ud037/l-1969578631/e-1948698656/m-1948698657,1969578631,1948698657
524,https://www.udacity.com/course/viewer#!/c-ud037/l-1969578631/e-1948698656/m-1948698659,1969578631,1948698659
525,https://www.udacity.com/course/viewer#!/c-ud037/l-1969578631/m-1948698660,1969578631,1948698660
526,https://www.udacity.com/course/viewer#!/c-ud037/l-1969578631/m-1948698661,1969578631,1948698661
527,https://www.udacity.com/course/viewer#!/c-ud037/l-1969578631/m-1948698662,1969578631,1948698662
528,https://www.udacity.com/course/viewer#!/c-ud037/l-1969578631/m-1948698663,1969578631,1948698663
529,https://www.udacity.com/course/viewer#!/c-ud037/l-1969578631/e-1948698664/m-1948698665,1969578631,1948698665
530,https://www.udacity.com/course/viewer#!/c-ud037/l-1969578631/e-1948698664/m-1948698667,1969578631,1948698667
531,https://www.udacity.com/course/viewer#!/c-ud037/l-1969578631/e-1948698668/m-1948698669,1969578631,1948698669
532,https://www.udacity.com/course/viewer#!/c-ud037/l-1969578631/e-1948698668/m-1948698671,1969578631,1948698671
533,https://www.udacity.com/course/viewer#!/c-ud037/l-1969578631/m-2285828537,1969578631,2285828537
534,https://www.udacity.com/course/viewer#!/c-ud037/l-1969578631/m-1948698672,1969578631,1948698672
535,https://www.udacity.com/course/viewer#!/c-ud037/l-1969578631/m-2395628539,1969578631,2395628539
536,https://www.udacity.com/course/viewer#!/c-ud037/l-1969578631/m-2395628540,1969578631,2395628540
537,https://www.udacity.com/course/viewer#!/c-ud037/l-1969578631/m-2395628541,1969578631,2395628541
538,https://www.udacity.com/course/viewer#!/c-ud037/l-1969578631/e-1948698673/m-1948698674,1969578631,1948698674
539,https://www.udacity.com/course/viewer#!/c-ud037/l-1969578631/e-1948698673/m-1929418719,1969578631,1929418719
540,https://www.udacity.com/course/viewer#!/c-ud037/l-1934948585/m-2390118538,1934948585,2390118538
541,https://www.udacity.com/course/viewer#!/c-ud037/l-1934948585/m-2390118539,1934948585,2390118539
542,https://www.udacity.com/course/viewer#!/c-ud037/l-1934948585/e-1945549490/m-1945549491,1934948585,1945549491
543,https://www.udacity.com/course/viewer#!/c-ud037/l-1934948585/e-1945549490/m-1945549493,1934948585,1945549493
544,https://www.udacity.com/course/viewer#!/c-ud037/l-1934948585/m-1945549494,1934948585,1945549494
545,https://www.udacity.com/course/viewer#!/c-ud037/l-1934948585/m-2512788559,1934948585,2512788559
546,https://www.udacity.com/course/viewer#!/c-ud037/l-1934948585/m-1945549496,1934948585,1945549496
547,https://www.udacity.com/course/viewer#!/c-ud037/l-1934948585/m-1945549497,1934948585,1945549497
548,https://www.udacity.com/course/viewer#!/c-ud037/l-1934948585/m-1945549498,1934948585,1945549498
549,https://www.udacity.com/course/viewer#!/c-ud037/l-1934948585/e-1945549499/m-1945549500,1934948585,1945549500
550,https://www.udacity.com/course/viewer#!/c-ud037/l-1934948585/e-1945549499/m-1945549502,1934948585,1945549502
551,https://www.udacity.com/course/viewer#!/c-ud037/l-1934948585/m-1945549503,1934948585,1945549503
552,https://www.udacity.com/course/viewer#!/c-ud037/l-1934948585/m-1945549504,1934948585,1945549504
553,https://www.udacity.com/course/viewer#!/c-ud037/l-1934948585/m-1945549505,1934948585,1945549505
554,https://www.udacity.com/course/viewer#!/c-ud037/l-1934948585/m-2390118540,1934948585,2390118540
555,https://www.udacity.com/course/viewer#!/c-ud037/l-1934948585/m-2390118541,1934948585,2390118541
556,https://www.udacity.com/course/viewer#!/c-ud037/l-1934948585/m-2390118542,1934948585,2390118542
557,https://www.udacity.com/course/viewer#!/c-ud037/l-1934948585/e-1945549506/m-1945549507,1934948585,1945549507
558,https://www.udacity.com/course/viewer#!/c-ud037/l-1934948585/e-1945549506/m-1945549509,1934948585,1945549509
559,https://www.udacity.com/course/viewer#!/c-ud037/l-1951908693/m-2353588553,1951908693,2353588553
560,https://www.udacity.com/course/viewer#!/c-ud037/l-1951908693/e-1922189133/m-1922189134,1951908693,1922189134
561,https://www.udacity.com/course/viewer#!/c-ud037/l-1951908693/e-1922189133/m-1922189136,1951908693,1922189136
562,https://www.udacity.com/course/viewer#!/c-ud037/l-1951908693/m-1922189137,1951908693,1922189137
563,https://www.udacity.com/course/viewer#!/c-ud037/l-1951908693/m-1922189138,1951908693,1922189138
564,https://www.udacity.com/course/viewer#!/c-ud037/l-1951908693/m-1922189139,1951908693,1922189139
565,https://www.udacity.com/course/viewer#!/c-ud037/l-1951908693/m-1922189140,1951908693,1922189140
566,https://www.udacity.com/course/viewer#!/c-ud037/l-1951908693/m-1922189141,1951908693,1922189141
567,https://www.udacity.com/course/viewer#!/c-ud037/l-1951908693/e-1922189142/m-1922189143,1951908693,1922189143
568,https://www.udacity.com/course/viewer#!/c-ud037/l-1951908693/e-1922189142/m-1922189145,1951908693,1922189145
569,https://www.udacity.com/course/viewer#!/c-ud037/l-1951908693/m-1922189146,1951908693,1922189146
570,https://www.udacity.com/course/viewer#!/c-ud037/l-1951908693/m-2353588554,1951908693,2353588554
571,https://www.udacity.com/course/viewer#!/c-ud037/l-1951908693/m-2353588555,1951908693,2353588555
572,https://www.udacity.com/course/viewer#!/c-ud037/l-1951908693/m-2353588556,1951908693,2353588556
573,https://www.udacity.com/course/viewer#!/c-ud037/l-1951908693/e-1922189147/m-1922189148,1951908693,1922189148
574,https://www.udacity.com/course/viewer#!/c-ud037/l-1951908693/e-1922189147/m-1922189150,1951908693,1922189150
575,https://www.udacity.com/course/viewer#!/c-ud037/l-2245488560/m-2325948576,2245488560,2325948576
576,https://www.udacity.com/course/viewer#!/c-ud037/l-2245488560/e-2252668550/m-2252668551,2245488560,2252668551
577,https://www.udacity.com/course/viewer#!/c-ud037/l-2245488560/e-2252668550/m-2252668553,2245488560,2252668553
578,https://www.udacity.com/course/viewer#!/c-ud037/l-2245488560/m-2252668554,2245488560,2252668554
579,https://www.udacity.com/course/viewer#!/c-ud037/l-2245488560/m-2252668555,2245488560,2252668555
580,https://www.udacity.com/course/viewer#!/c-ud037/l-2245488560/m-2252668556,2245488560,2252668556
581,https://www.udacity.com/course/viewer#!/c-ud037/l-2245488560/m-2252668557,2245488560,2252668557
582,https://www.udacity.com/course/viewer#!/c-ud037/l-2245488560/m-2252668558,2245488560,2252668558
583,https://www.udacity.com/course/viewer#!/c-ud037/l-2245488560/e-2252668559/m-2252668560,2245488560,2252668560
584,https://www.udacity.com/course/viewer#!/c-ud037/l-2245488560/e-2252668559/m-2252668562,2245488560,2252668562
585,https://www.udacity.com/course/viewer#!/c-ud037/l-2245488560/m-2252668563,2245488560,2252668563
586,https://www.udacity.com/course/viewer#!/c-ud037/l-2245488560/m-2252668564,2245488560,2252668564
587,https://www.udacity.com/course/viewer#!/c-ud037/l-2245488560/m-2325948577,2245488560,2325948577
588,https://www.udacity.com/course/viewer#!/c-ud037/l-2245488560/m-2325948578,2245488560,2325948578
589,https://www.udacity.com/course/viewer#!/c-ud037/l-2245488560/m-2325948579,2245488560,2325948579
590,https://www.udacity.com/course/viewer#!/c-ud037/l-2245488560/e-2252668565/m-2252668566,2245488560,2252668566
591,https://www.udacity.com/course/viewer#!/c-ud037/l-2245488560/e-2252668565/m-2252668568,2245488560,2252668568
592,https://www.udacity.com/course/viewer#!/c-ud037/l-2259968553/m-2374558552,2259968553,2374558552
593,https://www.udacity.com/course/viewer#!/c-ud037/l-2259968553/m-2252678560,2259968553,2252678560
594,https://www.udacity.com/course/viewer#!/c-ud037/l-2259968553/m-2252678561,2259968553,2252678561
595,https://www.udacity.com/course/viewer#!/c-ud037/l-2259968553/m-2252678562,2259968553,2252678562
596,https://www.udacity.com/course/viewer#!/c-ud037/l-2259968553/m-2252678563,2259968553,2252678563
597,https://www.udacity.com/course/viewer#!/c-ud037/l-2259968553/m-2252678564,2259968553,2252678564
598,https://www.udacity.com/course/viewer#!/c-ud037/l-2259968553/m-2252678565,2259968553,2252678565
599,https://www.udacity.com/course/viewer#!/c-ud037/l-2259968553/e-2252678566/m-2252678567,2259968553,2252678567
600,https://www.udacity.com/course/viewer#!/c-ud037/l-2259968553/e-2252678566/m-2252678569,2259968553,2252678569
601,https://www.udacity.com/course/viewer#!/c-ud037/l-2259968553/m-2252678570,2259968553,2252678570
602,https://www.udacity.com/course/viewer#!/c-ud037/l-2259968553/m-2252678571,2259968553,2252678571
603,https://www.udacity.com/course/viewer#!/c-ud037/l-2259968553/m-2252678572,2259968553,2252678572
604,https://www.udacity.com/course/viewer#!/c-ud037/l-2259968553/m-2374558553,2259968553,2374558553
605,https://www.udacity.com/course/viewer#!/c-ud037/l-2259968553/m-2374558554,2259968553,2374558554
606,https://www.udacity.com/course/viewer#!/c-ud037/l-2259968553/m-2374558555,2259968553,2374558555
607,https://www.udacity.com/course/viewer#!/c-ud037/l-2259968553/e-2252678573/m-2252678574,2259968553,2252678574
608,https://www.udacity.com/course/viewer#!/c-ud037/l-2259968553/e-2252678573/m-2252678576,2259968553,2252678576
609,https://www.udacity.com/course/viewer#!/c-ud037/l-2244438544/m-2326978597,2244438544,2326978597
610,https://www.udacity.com/course/viewer#!/c-ud037/l-2244438544/m-2326978598,2244438544,2326978598
611,https://www.udacity.com/course/viewer#!/c-ud037/l-2244438544/m-2237098556,2244438544,2237098556
612,https://www.udacity.com/course/viewer#!/c-ud037/l-2244438544/m-2237098557,2244438544,2237098557
613,https://www.udacity.com/course/viewer#!/c-ud037/l-2244438544/m-2237098558,2244438544,2237098558
614,https://www.udacity.com/course/viewer#!/c-ud037/l-2244438544/m-2237098559,2244438544,2237098559
615,https://www.udacity.com/course/viewer#!/c-ud037/l-2244438544/m-2237098560,2244438544,2237098560
616,https://www.udacity.com/course/viewer#!/c-ud037/l-2244438544/m-2326978599,2244438544,2326978599
617,https://www.udacity.com/course/viewer#!/c-ud037/l-2244438544/m-2237098561,2244438544,2237098561
618,https://www.udacity.com/course/viewer#!/c-ud037/l-2244438544/m-2237098562,2244438544,2237098562
619,https://www.udacity.com/course/viewer#!/c-ud037/l-2244438544/m-2326978600,2244438544,2326978600
620,https://www.udacity.com/course/viewer#!/c-ud037/l-2244438544/m-2237098563,2244438544,2237098563
621,https://www.udacity.com/course/viewer#!/c-ud037/l-2244438544/m-2326978601,2244438544,2326978601
622,https://www.udacity.com/course/viewer#!/c-ud037/l-2244438544/e-2237098564/m-2237098565,2244438544,2237098565
623,https://www.udacity.com/course/viewer#!/c-ud037/l-2244438544/e-2237098564/m-2237098567,2244438544,2237098567
624,https://www.udacity.com/course/viewer#!/c-ud037/l-2244438544/m-2237098568,2244438544,2237098568
625,https://www.udacity.com/course/viewer#!/c-ud037/l-2244438544/e-2237098569/m-2237098570,2244438544,2237098570
626,https://www.udacity.com/course/viewer#!/c-ud037/l-2244438544/e-2237098569/m-2237098572,2244438544,2237098572
627,https://www.udacity.com/course/viewer#!/c-ud037/l-2244438544/e-2237098573/m-2237098574,2244438544,2237098574
628,https://www.udacity.com/course/viewer#!/c-ud037/l-2244438544/e-2237098573/m-2237098576,2244438544,2237098576
629,https://www.udacity.com/course/viewer#!/c-ud037/l-2244438544/m-2326978602,2244438544,2326978602
630,https://www.udacity.com/course/viewer#!/c-ud037/l-2244438544/m-2326978603,2244438544,2326978603
631,https://www.udacity.com/course/viewer#!/c-ud037/l-2244438544/e-2237098577/m-2237098578,2244438544,2237098578
632,https://www.udacity.com/course/viewer#!/c-ud037/l-2244438544/e-2237098577/m-2237098580,2244438544,2237098580
633,https://www.udacity.com/course/viewer#!/c-ud037/l-2248828579/m-2326458561,2248828579,2326458561
634,https://www.udacity.com/course/viewer#!/c-ud037/l-2248828579/m-2281518537,2248828579,2281518537
635,https://www.udacity.com/course/viewer#!/c-ud037/l-2248828579/m-2281518538,2248828579,2281518538
636,https://www.udacity.com/course/viewer#!/c-ud037/l-2248828579/m-2281518540,2248828579,2281518540
637,https://www.udacity.com/course/viewer#!/c-ud037/l-2248828579/m-2281518541,2248828579,2281518541
638,https://www.udacity.com/course/viewer#!/c-ud037/l-2248828579/m-2281518542,2248828579,2281518542
639,https://www.udacity.com/course/viewer#!/c-ud037/l-2248828579/m-2281518543,2248828579,2281518543
640,https://www.udacity.com/course/viewer#!/c-ud037/l-2248828579/m-2281518544,2248828579,2281518544
641,https://www.udacity.com/course/viewer#!/c-ud037/l-2248828579/m-2281518545,2248828579,2281518545
642,https://www.udacity.com/course/viewer#!/c-ud037/l-2248828579/m-2281518546,2248828579,2281518546
643,https://www.udacity.com/course/viewer#!/c-ud037/l-2248828579/m-2281518547,2248828579,2281518547
644,https://www.udacity.com/course/viewer#!/c-ud037/l-2248828579/m-2326458562,2248828579,2326458562
